{
  "rouge": {
    "rouge1": {
      "precision": 0.5306646149065495,
      "recall": 0.35918220140971635,
      "fmeasure": 0.40057473945161554
    },
    "rouge2": {
      "precision": 0.28687658139705036,
      "recall": 0.20610088014392292,
      "fmeasure": 0.2261981717581597
    },
    "rougeL": {
      "precision": 0.4312111826042409,
      "recall": 0.29399478511941185,
      "fmeasure": 0.32648564138459385
    }
  },
  "bertscore": {
    "precision": 0.8885228037834167,
    "recall": 0.8804032802581787,
    "f1": 0.8842571973800659,
    "precision_std": 0.052889592945575714,
    "recall_std": 0.04730665311217308,
    "f1_std": 0.04847201704978943
  },
  "bleu": {
    "bleu_mean": 0.14391910008958328,
    "bleu_std": 0.24144073618737272,
    "bleu_min": 0.00011634821433651538,
    "bleu_max": 1.0
  },
  "semantic_similarity": {
    "cosine_similarity_mean": 0.6464918255805969,
    "cosine_similarity_std": 0.2052670419216156,
    "cosine_similarity_min": 0.04393031448125839,
    "cosine_similarity_max": 1.000000238418579
  },
  "length_metrics": {
    "pred_length_mean": 25.45,
    "pred_length_std": 12.724287799322996,
    "ref_length_mean": 39.34,
    "ref_length_std": 11.364171769205182,
    "length_ratio_mean": 0.7426965410343495,
    "length_ratio_std": 0.643967443542167
  }
}