{
    "rouge": {
        "rouge1": {
            "precision": 0.5306646149065495,
            "recall": 0.35918220140971635,
            "fmeasure": 0.40057473945161554
        },
        "rouge2": {
            "precision": 0.28687658139705036,
            "recall": 0.20610088014392292,
            "fmeasure": 0.2261981717581597
        },
        "rougeL": {
            "precision": 0.4312111826042409,
            "recall": 0.29399478511941185,
            "fmeasure": 0.32648564138459385
        }
    },
    "bertscore": {
        "precision": 0.8885228037834167,
        "recall": 0.8804032802581787,
        "f1": 0.8842571973800659,
        "precision_std": 0.052889592945575714,
        "recall_std": 0.04730665311217308,
        "f1_std": 0.04847201704978943
    },
    "training_time": {
        "seconds": 927.3306119441986,
        "minutes": 15.455510199069977,
        "hours": 0.2575918366511663
    }
}